fitbit,surge
fitbit,flex
fitbit,zip
fitbit,one
fitbit,charge
fitbit,alta
fitbit,aria
fitbit,blaze
fitbit,ionic
garmin,vivoactive
garmin,vivosmart
garmin,vivofit
garmin,forerunner
garmin,fenix
garmin,vivoki
garmin,vivomove
jawbone,up
misfit,shine
misfit,flash
misfit,flare
misfit,ray
misfit,phase
misfit,command
nokia,go
nokia,steel
xiaomi,mi
ihealth,edge
samsung,gear
moov,now
moov,hr
microsoft,band
runtastic,moment
runtastic,orbit
runtastic,gps
runtastic,heart
pebble,classic
pebble,steel
pebble,time
polar,a 
polar,loop
polar,m 
polar,v 
polar,h 
adidas,micoach
apple,watch
apple,health
mira,bracelet
striiv,fusion
striiv,smart
lumo,lift
bellabeat,leaf
bellabeat,leaves
moves,app
mio,link
mio,fuse
mio,alpha
mio,slice
huawei,talkband
huawei,watch
huawei,band
huawei,fit
epson,pulsense
lg,lifeband
mykronoz,zefit
mykronoz,zewatch
mykronoz,zebracelet
mykronoz,zecircle
mykronoz,zeround
mykronoz,zesport
mykronoz,zetime
wahoo,tickr
virgin,pulse
casio,omnisync
sony,smartband
sony,smartwatch
fossil,q
merlin,actifit
swatch,touch
healbe,gobe
tomtom,spark
tomtom,multi
tomtom,touch
nike,run
nike,training
couch,k
map,my
map,run
map,ride
map,fitness
map,walk
map,hike
runtastic,running
runtastic,road
runtastic,pro
runtastic,mountain
gymapp,workout
ride,gps
fitness,point
fitness,buddy
fitness,buddies
charity,miles
daily,workouts
fitness,tracker
fitness,band
fitness,app
fitness,bracelet
fitness,watch
fitness,monitor
activity,tracker
activity,band
activity,app
activity,bracelet
activity,watch
activity,monitor
step,counter
step,tracker
step,monitor
heart,rate
heartrate,monitor
calorie,counter
calorie,tracker
calorie,monitor
